model_key,model,train_rows,test_rows,mae,mse,rmse,r2
hist_gradient_boosting,Hist Gradient Boosting Regressor,20255,5064,0.13015199068776398,0.0892762312675232,0.2987912837877357,0.997710970776023
random_forest,Random Forest Regressor,20255,5064,0.21838845868801074,0.15256572767933074,0.39059663039935555,0.9960882375490423
linear_regression,Linear Regression,20255,5064,0.4528082909915954,0.46032850729417124,0.6784751338805065,0.9881972458865498
ridge_regression,Ridge Regression,20255,5064,0.45283246540064775,0.4603534007680622,0.6784934787955313,0.9881966076216006
decision_tree,Decision Tree Regressor,20255,5064,0.5929355830349669,0.7369074216719312,0.8584331200926087,0.9811058038671234
dummy_mean,Dummy Mean Baseline,20255,5064,4.996829195193774,39.0025036313746,6.245198446116392,-1.8362703498864263e-05
